segment_id,evidence_id,document_id,document_name,position,word_count,tokens,content
bd8ef41a-66e7-4836-b296-e6b6a5517647,document_segment:bd8ef41a-66e7-4836-b296-e6b6a5517647,fcae5b82-512c-46f5-87b5-64830398ab4b,ข้อมูลคู่มือการเรียน.md,2,822,707,"ขั้นตอนการลาออกและการยื่นคำร้องขอลาออกจากการเป็นนิสิต
* วิธีการลาออกและขั้นตอนการลาออกทำยังไง: 
 1. ให้นิสิตดาวน์โหลดเอกสารคำร้องขอลาออกจากลิงก์ดาวน์โหลดเอกสารคำร้อง https://mbs.msu.ac.th/Portal/student/fs3.pdf หรือขอรับเอกสารได้ที่ฝ่ายวิชาการ คณะการบัญชีและการจัดการ (MBS)
 2. กรอกข้อมูลและหาลายเซ็น: กรอกรายละเอียดในใบคำร้องให้ครบถ้วน จากนั้นนำไปพบอาจารย์ที่ปรึกษาเพื่อเซ็นชื่อรับทราบและให้ความเห็นชอบ
 3. เคลียร์หนี้สิน: นำใบคำร้องไปยื่นเพื่อขอลายเซ็นเคลียร์ภาระหนี้สินจากหน่วยงานต่างๆ เช่น ห้องสมุด และกองคลัง/การเงิน เพื่อยืนยันว่าไม่มีค้างชำระค่าธรรมเนียมการศึกษา
 4. ส่งเอกสาร: นำใบคำร้องที่ผ่านการลงนามครบถ้วนแล้ว พร้อมแนบบัตรประจำตัวนิสิต ส่งคืนที่งานวิชาการ คณะการบัญชีและการจัดการ (MBS) เพื่อให้คณบดีอนุมัติ
 5. ตรวจสอบสถานะ: กระบวนการจะถูกส่งต่อไปยัง กองทะเบียนและประมวลผล มมส เพื่อตัดสถานะนิสิตอย่างเป็นทางการ"
00171ee4-a3cb-46e1-b784-230f0fa9e2bb,document_segment:00171ee4-a3cb-46e1-b784-230f0fa9e2bb,fcae5b82-512c-46f5-87b5-64830398ab4b,ข้อมูลคู่มือการเรียน.md,3,1048,906,"ขั้นตอนการย้ายสาขาวิชา การย้ายคณะ และเอกสารที่ต้องใช้
* วิธีการย้ายสาขาและขั้นตอนการย้ายสาขาต้องทำยังไง: นิสิตต้องยื่นคำร้องกับฝ่ายวิชาการคณะการบัญชีและการจัดการ โดยต้องเรียนสาขาเดิมมาแล้วไม่น้อยกว่า 1-2 ภาคการศึกษา และนำเอกสารที่พิมพ์จากระบบไปขอความเห็นชอบจากอาจารย์ที่ปรึกษา หัวหน้าภาควิชาเดิม และหัวหน้าภาควิชาใหม่ตามลำดับ
* ขั้นตอนการดำเนินการย้ายสาขา:
 1. เข้าไปที่ระบบบริการการศึกษามมส เพื่อบันทึกข้อมูลคำร้องขอขอย้ายคณะ/สาขา https://regpr.msu.ac.th/regpr/service.php 
 2. พิมพ์คำร้องออกมา กรอกรายละเอียดให้ครบถ้วน
 3. นำใบคำร้องไปขอความเห็นชอบและลายเซ็นจาก อาจารย์ที่ปรึกษา ประธานหลักสูตร และคณบดี
 4. ดำเนินการตามขั้นตอนเทียบโอนผลการเรียน และติดต่อ ฝ่ายวิชาการ คณะการบัญชีและการจัดการ เพื่อวางแผนการลงทะเบียนในสาขาใหม่เมื่อได้รับอนุมัติแล้ว
* เอกสารที่ต้องใช้ในการย้ายสาขา:
 1. คำร้องขอย้ายคณะ/เปลี่ยนสาขาวิชา (ทบ.มมส/ตรี 08)
 2. คำร้องขอย้ายรายวิชา กรณีย้ายคณะ/ย้ายสาขา
 3. สำเนาบัตรประจำตัวนิสิต
 4. ใบแสดงผลการเรียนหรือผลการเรียนล่าสุด
 5. เอกสารอื่น ๆ ตามที่สาขาปลายทางกำหนด เช่น หนังสือรับรองจากอาจารย์ที่ปรึกษา หรือเหตุผลประกอบการย้าย"
06caf149-1276-4e4a-9a6d-492aaa39f34f,document_segment:06caf149-1276-4e4a-9a6d-492aaa39f34f,fcae5b82-512c-46f5-87b5-64830398ab4b,ข้อมูลคู่มือการเรียน.md,4,752,642,"ขั้นตอนและวิธีการสำรองข้อมูลที่นั่งลงทะเบียนเรียน คณะการบัญชีและการจัดการ
* ต้องการสำรองข้อมูลที่นั่งลงทะเบียนเรียนต้องดำเนินการอย่างไร: นิสิตต้องดำเนินการโดยจองคิวผ่านระบบออนไลน์ แล้วนำหลักฐานมาดำเนินการด้วยตนเองที่ห้องวิชาการ ชั้น 1 โดยต้องเตรียมตารางเรียนของนิสิตให้พร้อม
* ขั้นตอนการสำรองที่นั่งเรียน:
 1. จองคิวออนไลน์: เข้าสู่ระบบสำรองที่นั่งผ่านระบบสำรองที่นั่งของคณะการบัญชีและการจัดการ หรือเว็บไซต์ https://acad-mbs.msu.ac.th/ เพื่อเลือกวันและเวลา
 2. เตรียมเอกสาร: พิมพ์ตารางเรียนตามสังกัดห้องเรียนของตนเอง สามารถดูข้อมูลได้ที่ เว็บไซต์หลักสูตร คณะบัญชี มมส และเอกสารอื่นๆ ตามที่คณะกำหนด
 3. ติดต่อเจ้าหน้าที่: นำเอกสารและหลักฐานไปดำเนินการลงทะเบียนเรียน/สำรองที่นั่งด้วยตนเอง ณ ห้องวิชาการ ชั้น 1 คณะการบัญชีและการจัดการ ตามรอบวันที่กำหนดไว้"
fc67616f-7a44-4e49-b066-6c7b99ed9cf3,document_segment:fc67616f-7a44-4e49-b066-6c7b99ed9cf3,fcae5b82-512c-46f5-87b5-64830398ab4b,ข้อมูลคู่มือการเรียน.md,5,1164,964,"ขั้นตอนการแก้ไขปัญหาการลงทะเบียนเรียนไม่ทัน หรือสำรองที่นั่งไม่ทัน
* ลงทะเบียนเรียนไม่ทันต้องทำยังไง: ให้รีบดำเนินการยื่นคำร้อง ขอลงทะเบียนเรียนล่าช้า ผ่านระบบบริการการศึกษา REG MSU ทันที จากนั้นติดต่อฝ่ายวิชาการ คณะการบัญชีและการจัดการ (MBS) โดยเข้าสู่ระบบ REG MSU แล้วไปที่เมนู คำร้อง เลือกคำร้อง ขออนุญาตเข้าระบบการลงทะเบียนเรียนล่าช้า (ทบ.มมส/ตรี 09 หรือ 13) พร้อมระบุเหตุผลความจำเป็นอย่างชัดเจน และเดินทางไปติดต่อด้วยตนเองที่ห้องงานบริการการศึกษา หรือโทรติดต่อคณะโดยตรง ระหว่างรอการอนุมัติให้เตรียมรหัสวิชาและหมู่เรียน (Section) ไว้ให้พร้อมเพื่อให้เจ้าหน้าที่คีย์ข้อมูลให้ได้อย่างรวดเร็ว
* สำรองที่นั่งไม่ทันต้องทำยังไง: หากสำรองที่นั่งวิชาเรียนของคณะการบัญชีและการจัดการ (MBS) ไม่ทัน ให้รีบยื่นคำร้องเพิ่ม-ถอน หรือดาวน์โหลดแบบฟอร์มขอสำรองที่นั่งได้ที่ https://mbs.msu.ac.th/Portal/student/frm2.pdf หรือฝ่ายวิชาการ คณะการบัญชีและการจัดการ มมส ภายในช่วงเวลาที่กำหนด จากนั้นนำแบบฟอร์มไปปรึกษาและขอความเห็นชอบพร้อมลายเซ็นจากอาจารย์ที่ปรึกษา และคอยติดตามประกาศคณะฯ ผ่านทางเพจ Facebook ฝ่ายวิชาการ คณะการบัญชีและการจัดการ มมส ซึ่งจะเปิดระบบให้จองคิวในช่วงต้นภาคการศึกษา แล้วดำเนินการยืนยันเช็กผลการลงทะเบียนผ่านระบบ REG MSU https://reg.msu.ac.th/registrar/home.asp"
f0fd4813-e4fa-4d79-9221-9e63af326cfa,document_segment:f0fd4813-e4fa-4d79-9221-9e63af326cfa,fcae5b82-512c-46f5-87b5-64830398ab4b,ข้อมูลคู่มือการเรียน.md,6,924,804,"ขั้นตอนการแก้ไขปัญหาตารางสอบชนกัน หรือเวลาสอบซ้อนกัน
* ตารางสอบชนกันทำยังไง: หากตารางสอบชนกันในรายวิชาของ คณะการบัญชีและการจัดการ มมส นิสิตต้องยื่นคำร้องขอเลื่อนสอบหรือสอบนอกตาราง (สอบซ้อน) โดยในแต่ละภาคการศึกษาทางคณะจะมีประกาศและแบบฟอร์มออนไลน์ (Google Forms) ให้อัปโหลดหลักฐานตารางเรียนและตารางสอบ
* ขั้นตอนการดำเนินการเมื่อตารางสอบชนกัน:
1. กรอกข้อมูลผ่าน Google Form https://forms.gle/yp7Yewx6XXxr16xb9
2. ส่งเอกสารที่ผ่านการรับรองจากอาจารย์ผู้สอนพร้อมตารางสอบจากระบบ REG ที่ห้องวิชาการ ACC.BIZ ชั้น 1 ฝ่ายวิชาการ
3. ให้นิสิตเลือกรายวิชาที่ลงเพิ่มเติมนอกเหนือจากรายวิชาที่คณะจัดให้ในแต่ละเทอมเป็นรายวิชาที่จะเลื่อนสอบ 1 วิชา
4. หากรายวิชาชนกับวิชาศึกษาทั่วไปให้เลือกเลื่อนสอบวิชาคณะ

* กรณีสอบชนกับวิชาศึกษาทั่วไป (Gen Ed): หากวิชาเอกหรือวิชาบังคับ ชนกับวิชาศึกษาทั่วไป นิสิตจะต้องติดต่อที่งานตารางเรียนตารางสอบ สำนักศึกษาทั่วไป (อาคาร RN1) โดยตรง
หมายเหตุ: หากไม่ยื่นเอกสารภายในเวลาที่กำหนดจะไม่มีสิทธิ์สอบในรายวิชานั้น"
be6cafd2-7582-46fa-9d0c-70df747c8909,document_segment:be6cafd2-7582-46fa-9d0c-70df747c8909,fcae5b82-512c-46f5-87b5-64830398ab4b,ข้อมูลคู่มือการเรียน.md,7,674,566,"ช่องทางการตรวจสอบแผนการเรียน โครงสร้างหลักสูตร และตารางเรียน
* ตรวจสอบแผนการเรียนได้ที่ไหนบ้าง:
 1. ตรวจสอบตารางเรียนและกลุ่มเรียน: นิสิตสามารถตรวจสอบประกาศตารางเรียนล่าสุดของคณะฯ ได้โดยตรงที่หน้า คณะการบัญชีและการจัดการ ตารางเรียน https://mbs.msu.ac.th/learn_mbs/ 
 2. ค้นหารายวิชาและวางแผนการเรียนรวม: เข้าใช้งานผ่านเว็บไซต์ ระบบทะเบียน มมส (REG MSU) https://reg.msu.ac.th/ โดยไปที่เมนู รายวิชาเปิดสอน เพื่อตรวจสอบข้อมูลได้โดยไม่ต้องล็อกอิน หรือล็อกอินเข้าระบบนิสิตเพื่อดูแผนการเรียนโครงสร้างหลักสูตรเฉพาะบุคคล
 3. อัปเดตข่าวสารและประกาศทางวิชาการ: สามารถติดตามข้อมูลและประกาศต่างๆ สำหรับนิสิตได้ทางเพจ Facebook หลักของคณะฯ คือ คณะการบัญชีและการจัดการ มหาวิทยาลัยมหาสารคาม"
